user_id,item_id,rating,timestamp,category,price,stock,interaction_hour,interaction_dayofweek,timestamp_numeric,category_encoded,price_normalized,timestamp_numeric_normalized
138,514,3,2023-01-01 00:00:00,Unknown,85.48305084745763,0,0,Sunday,1672531200,0,0.5084745762711865,0.0
128,510,5,2023-01-01 00:05:00,Unknown,85.48305084745763,0,0,Sunday,1672531500,0,0.5084745762711865,0.0033579583613163196
114,507,3,2023-01-01 00:10:00,Unknown,85.48305084745763,0,0,Sunday,1672531800,0,0.5084745762711865,0.006715916722632639
142,506,5,2023-01-01 00:15:00,Unknown,85.48305084745763,0,0,Sunday,1672532100,0,0.5084745762711865,0.010073875083948958
107,518,2,2023-01-01 00:20:00,Unknown,85.48305084745763,0,0,Sunday,1672532400,0,0.5084745762711865,0.013431833445265278
120,510,3,2023-01-01 00:25:00,Unknown,85.48305084745763,0,0,Sunday,1672532700,0,0.5084745762711865,0.0167897918065816
138,510,3,2023-01-01 00:30:00,Unknown,85.48305084745763,0,0,Sunday,1672533000,0,0.5084745762711865,0.020147750167897917
118,503,5,2023-01-01 00:35:00,Home & Kitchen,120.75,5,0,Sunday,1672533300,1,1.0,0.02350570852921424
122,517,4,2023-01-01 00:40:00,Unknown,85.48305084745763,0,0,Sunday,1672533600,0,0.5084745762711865,0.026863666890530557
110,502,3,2023-01-01 00:45:00,Fashion,49.0,12,0,Sunday,1672533900,2,0.0,0.03022162525184688
913,514,2,2023-01-01 00:50:00,Unknown,85.48305084745763,0,0,Sunday,1672534200,0,0.5084745762711865,0.0335795836131632
978,510,5,2023-01-01 00:55:00,Unknown,85.48305084745763,0,0,Sunday,1672534500,0,0.5084745762711865,0.036937541974479515
947,507,1,2023-01-01 01:00:00,Unknown,85.48305084745763,0,1,Sunday,1672534800,0,0.5084745762711865,0.040295500335795834
482,506,5,2023-01-01 01:05:00,Unknown,85.48305084745763,0,1,Sunday,1672535100,0,0.5084745762711865,0.04365345869711216
676,518,5,2023-01-01 01:10:00,Unknown,85.48305084745763,0,1,Sunday,1672535400,0,0.5084745762711865,0.04701141705842848
919,510,2,2023-01-01 01:15:00,Unknown,85.48305084745763,0,1,Sunday,1672535700,0,0.5084745762711865,0.050369375419744795
241,503,2,2023-01-01 01:25:00,Home & Kitchen,120.75,5,1,Sunday,1672536300,1,1.0,0.05708529214237743
406,517,3,2023-01-01 01:30:00,Unknown,85.48305084745763,0,1,Sunday,1672536600,0,0.5084745762711865,0.06044325050369376
263,502,1,2023-01-01 01:35:00,Fashion,49.0,12,1,Sunday,1672536900,2,0.0,0.06380120886501008
602,514,4,2023-01-01 01:40:00,Unknown,85.48305084745763,0,1,Sunday,1672537200,0,0.5084745762711865,0.0671591672263264
422,510,1,2023-01-01 01:45:00,Unknown,85.48305084745763,0,1,Sunday,1672537500,0,0.5084745762711865,0.07051712558764271
806,507,3,2023-01-01 01:50:00,Unknown,85.48305084745763,0,1,Sunday,1672537800,0,0.5084745762711865,0.07387508394895903
596,506,5,2023-01-01 01:55:00,Unknown,85.48305084745763,0,1,Sunday,1672538100,0,0.5084745762711865,0.07723304231027535
417,518,4,2023-01-01 02:00:00,Unknown,85.48305084745763,0,2,Sunday,1672538400,0,0.5084745762711865,0.08059100067159167
585,510,2,2023-01-01 02:05:00,Unknown,85.48305084745763,0,2,Sunday,1672538700,0,0.5084745762711865,0.08394895903290799
152,510,5,2023-01-01 02:10:00,Unknown,85.48305084745763,0,2,Sunday,1672539000,0,0.5084745762711865,0.08730691739422432
419,503,1,2023-01-01 02:15:00,Home & Kitchen,120.75,5,2,Sunday,1672539300,1,1.0,0.09066487575554064
210,517,2,2023-01-01 02:20:00,Unknown,85.48305084745763,0,2,Sunday,1672539600,0,0.5084745762711865,0.09402283411685695
953,502,3,2023-01-01 02:25:00,Fashion,49.0,12,2,Sunday,1672539900,2,0.0,0.09738079247817327
239,514,5,2023-01-01 02:30:00,Unknown,85.48305084745763,0,2,Sunday,1672540200,0,0.5084745762711865,0.10073875083948959
426,510,3,2023-01-01 02:35:00,Unknown,85.48305084745763,0,2,Sunday,1672540500,0,0.5084745762711865,0.10409670920080591
738,506,5,2023-01-01 02:45:00,Unknown,85.48305084745763,0,2,Sunday,1672541100,0,0.5084745762711865,0.11081262592343855
571,518,1,2023-01-01 02:50:00,Unknown,85.48305084745763,0,2,Sunday,1672541400,0,0.5084745762711865,0.11417058428475486
193,510,5,2023-01-01 02:55:00,Unknown,85.48305084745763,0,2,Sunday,1672541700,0,0.5084745762711865,0.11752854264607118
555,503,3,2023-01-01 03:05:00,Home & Kitchen,120.75,5,3,Sunday,1672542300,1,1.0,0.12424445936870383
633,517,4,2023-01-01 03:10:00,Unknown,85.48305084745763,0,3,Sunday,1672542600,0,0.5084745762711865,0.12760241773002015
928,502,3,2023-01-01 03:15:00,Fashion,49.0,12,3,Sunday,1672542900,2,0.0,0.13096037609133646
512,514,5,2023-01-01 03:20:00,Unknown,85.48305084745763,0,3,Sunday,1672543200,0,0.5084745762711865,0.1343183344526528
325,510,5,2023-01-01 03:25:00,Unknown,85.48305084745763,0,3,Sunday,1672543500,0,0.5084745762711865,0.13767629281396912
516,507,5,2023-01-01 03:30:00,Unknown,85.48305084745763,0,3,Sunday,1672543800,0,0.5084745762711865,0.14103425117528542
826,506,3,2023-01-01 03:35:00,Unknown,85.48305084745763,0,3,Sunday,1672544100,0,0.5084745762711865,0.14439220953660176
343,518,1,2023-01-01 03:40:00,Unknown,85.48305084745763,0,3,Sunday,1672544400,0,0.5084745762711865,0.14775016789791806
110,510,5,2023-01-01 03:45:00,Unknown,85.48305084745763,0,3,Sunday,1672544700,0,0.5084745762711865,0.1511081262592344
516,510,2,2023-01-01 03:50:00,Unknown,85.48305084745763,0,3,Sunday,1672545000,0,0.5084745762711865,0.1544660846205507
643,503,2,2023-01-01 03:55:00,Home & Kitchen,120.75,5,3,Sunday,1672545300,1,1.0,0.15782404298186703
393,517,3,2023-01-01 04:00:00,Unknown,85.48305084745763,0,4,Sunday,1672545600,0,0.5084745762711865,0.16118200134318333
210,502,2,2023-01-01 04:05:00,Fashion,49.0,12,4,Sunday,1672545900,2,0.0,0.16453995970449967
416,514,5,2023-01-01 04:10:00,Unknown,85.48305084745763,0,4,Sunday,1672546200,0,0.5084745762711865,0.16789791806581597
279,510,1,2023-01-01 04:15:00,Unknown,85.48305084745763,0,4,Sunday,1672546500,0,0.5084745762711865,0.1712558764271323
348,507,5,2023-01-01 04:20:00,Unknown,85.48305084745763,0,4,Sunday,1672546800,0,0.5084745762711865,0.17461383478844864
161,506,5,2023-01-01 04:25:00,Unknown,85.48305084745763,0,4,Sunday,1672547100,0,0.5084745762711865,0.17797179314976494
308,518,1,2023-01-01 04:30:00,Unknown,85.48305084745763,0,4,Sunday,1672547400,0,0.5084745762711865,0.18132975151108127
943,503,3,2023-01-01 04:45:00,Home & Kitchen,120.75,5,4,Sunday,1672548300,1,1.0,0.1914036265950302
944,517,4,2023-01-01 04:50:00,Unknown,85.48305084745763,0,4,Sunday,1672548600,0,0.5084745762711865,0.19476158495634655
626,502,3,2023-01-01 04:55:00,Fashion,49.0,12,4,Sunday,1672548900,2,0.0,0.19811954331766285
947,514,5,2023-01-01 05:00:00,Unknown,85.48305084745763,0,5,Sunday,1672549200,0,0.5084745762711865,0.20147750167897918
144,510,4,2023-01-01 05:05:00,Unknown,85.48305084745763,0,5,Sunday,1672549500,0,0.5084745762711865,0.20483546004029551
622,507,1,2023-01-01 05:10:00,Unknown,85.48305084745763,0,5,Sunday,1672549800,0,0.5084745762711865,0.20819341840161182
759,506,2,2023-01-01 05:15:00,Unknown,85.48305084745763,0,5,Sunday,1672550100,0,0.5084745762711865,0.21155137676292815
186,518,3,2023-01-01 05:20:00,Unknown,85.48305084745763,0,5,Sunday,1672550400,0,0.5084745762711865,0.21490933512424445
389,510,5,2023-01-01 05:25:00,Unknown,85.48305084745763,0,5,Sunday,1672550700,0,0.5084745762711865,0.2182672934855608
362,510,2,2023-01-01 05:30:00,Unknown,85.48305084745763,0,5,Sunday,1672551000,0,0.5084745762711865,0.2216252518468771
888,503,3,2023-01-01 05:35:00,Home & Kitchen,120.75,5,5,Sunday,1672551300,1,1.0,0.22498321020819342
162,517,4,2023-01-01 05:40:00,Unknown,85.48305084745763,0,5,Sunday,1672551600,0,0.5084745762711865,0.22834116856950973
992,502,1,2023-01-01 05:45:00,Fashion,49.0,12,5,Sunday,1672551900,2,0.0,0.23169912693082606
170,514,2,2023-01-01 05:50:00,Unknown,85.48305084745763,0,5,Sunday,1672552200,0,0.5084745762711865,0.23505708529214236
544,510,4,2023-01-01 05:55:00,Unknown,85.48305084745763,0,5,Sunday,1672552500,0,0.5084745762711865,0.2384150436534587
463,507,2,2023-01-01 06:00:00,Unknown,85.48305084745763,0,6,Sunday,1672552800,0,0.5084745762711865,0.24177300201477503
463,506,1,2023-01-01 06:05:00,Unknown,85.48305084745763,0,6,Sunday,1672553100,0,0.5084745762711865,0.24513096037609133
261,518,4,2023-01-01 06:10:00,Unknown,85.48305084745763,0,6,Sunday,1672553400,0,0.5084745762711865,0.24848891873740767
668,510,1,2023-01-01 06:15:00,Unknown,85.48305084745763,0,6,Sunday,1672553700,0,0.5084745762711865,0.251846877098724
871,510,3,2023-01-01 06:20:00,Unknown,85.48305084745763,0,6,Sunday,1672554000,0,0.5084745762711865,0.2552048354600403
661,503,1,2023-01-01 06:25:00,Home & Kitchen,120.75,5,6,Sunday,1672554300,1,1.0,0.2585627938213566
650,517,5,2023-01-01 06:30:00,Unknown,85.48305084745763,0,6,Sunday,1672554600,0,0.5084745762711865,0.2619207521826729
321,502,3,2023-01-01 06:35:00,Fashion,49.0,12,6,Sunday,1672554900,2,0.0,0.26527871054398927
357,514,1,2023-01-01 06:40:00,Unknown,85.48305084745763,0,6,Sunday,1672555200,0,0.5084745762711865,0.2686366689053056
886,510,2,2023-01-01 06:45:00,Unknown,85.48305084745763,0,6,Sunday,1672555500,0,0.5084745762711865,0.2719946272666219
562,507,3,2023-01-01 06:50:00,Unknown,85.48305084745763,0,6,Sunday,1672555800,0,0.5084745762711865,0.27535258562793824
791,506,4,2023-01-01 06:55:00,Unknown,85.48305084745763,0,6,Sunday,1672556100,0,0.5084745762711865,0.27871054398925454
889,518,1,2023-01-01 07:00:00,Unknown,85.48305084745763,0,7,Sunday,1672556400,0,0.5084745762711865,0.28206850235057085
298,510,1,2023-01-01 07:05:00,Unknown,85.48305084745763,0,7,Sunday,1672556700,0,0.5084745762711865,0.28542646071188715
610,510,5,2023-01-01 07:10:00,Unknown,85.48305084745763,0,7,Sunday,1672557000,0,0.5084745762711865,0.2887844190732035
191,503,3,2023-01-01 07:15:00,Home & Kitchen,120.75,5,7,Sunday,1672557300,1,1.0,0.2921423774345198
945,517,1,2023-01-01 07:20:00,Unknown,85.48305084745763,0,7,Sunday,1672557600,0,0.5084745762711865,0.2955003357958361
436,502,3,2023-01-01 07:25:00,Fashion,49.0,12,7,Sunday,1672557900,2,0.0,0.2988582941571524
374,514,4,2023-01-01 07:30:00,Unknown,85.48305084745763,0,7,Sunday,1672558200,0,0.5084745762711865,0.3022162525184688
606,510,1,2023-01-01 07:35:00,Unknown,85.48305084745763,0,7,Sunday,1672558500,0,0.5084745762711865,0.3055742108797851
117,507,5,2023-01-01 07:40:00,Unknown,85.48305084745763,0,7,Sunday,1672558800,0,0.5084745762711865,0.3089321692411014
251,506,5,2023-01-01 07:45:00,Unknown,85.48305084745763,0,7,Sunday,1672559100,0,0.5084745762711865,0.31229012760241776
582,518,1,2023-01-01 07:50:00,Unknown,85.48305084745763,0,7,Sunday,1672559400,0,0.5084745762711865,0.31564808596373406
136,510,4,2023-01-01 07:55:00,Unknown,85.48305084745763,0,7,Sunday,1672559700,0,0.5084745762711865,0.31900604432505036
243,510,1,2023-01-01 08:00:00,Unknown,85.48305084745763,0,8,Sunday,1672560000,0,0.5084745762711865,0.32236400268636667
466,503,5,2023-01-01 08:05:00,Home & Kitchen,120.75,5,8,Sunday,1672560300,1,1.0,0.32572196104768303
224,517,1,2023-01-01 08:10:00,Unknown,85.48305084745763,0,8,Sunday,1672560600,0,0.5084745762711865,0.32907991940899933
373,502,2,2023-01-01 08:15:00,Fashion,49.0,12,8,Sunday,1672560900,2,0.0,0.33243787777031564
736,514,3,2023-01-01 08:19:00,Unknown,85.48305084745763,0,8,Sunday,1672561140,0,0.5084745762711865,0.3351242444593687
260,510,3,2023-01-01 08:24:00,Unknown,85.48305084745763,0,8,Sunday,1672561440,0,0.5084745762711865,0.33848220282068503
775,507,2,2023-01-01 08:29:00,Unknown,85.48305084745763,0,8,Sunday,1672561740,0,0.5084745762711865,0.34184016118200133
812,506,1,2023-01-01 08:34:00,Unknown,85.48305084745763,0,8,Sunday,1672562040,0,0.5084745762711865,0.34519811954331764
663,518,2,2023-01-01 08:39:00,Unknown,85.48305084745763,0,8,Sunday,1672562340,0,0.5084745762711865,0.348556077904634
894,510,4,2023-01-01 08:44:00,Unknown,85.48305084745763,0,8,Sunday,1672562640,0,0.5084745762711865,0.3519140362659503
410,510,4,2023-01-01 08:49:00,Unknown,85.48305084745763,0,8,Sunday,1672562940,0,0.5084745762711865,0.3552719946272666
808,503,1,2023-01-01 08:54:00,Home & Kitchen,120.75,5,8,Sunday,1672563240,1,1.0,0.35862995298858297
902,517,2,2023-01-01 08:59:00,Unknown,85.48305084745763,0,8,Sunday,1672563540,0,0.5084745762711865,0.36198791134989927
564,502,1,2023-01-01 09:04:00,Fashion,49.0,12,9,Sunday,1672563840,2,0.0,0.3653458697112156
264,514,2,2023-01-01 09:09:00,Unknown,85.48305084745763,0,9,Sunday,1672564140,0,0.5084745762711865,0.3687038280725319
118,510,4,2023-01-01 09:14:00,Unknown,85.48305084745763,0,9,Sunday,1672564440,0,0.5084745762711865,0.37206178643384824
278,507,1,2023-01-01 09:19:00,Unknown,85.48305084745763,0,9,Sunday,1672564740,0,0.5084745762711865,0.37541974479516454
494,506,1,2023-01-01 09:24:00,Unknown,85.48305084745763,0,9,Sunday,1672565040,0,0.5084745762711865,0.37877770315648085
354,518,5,2023-01-01 09:29:00,Unknown,85.48305084745763,0,9,Sunday,1672565340,0,0.5084745762711865,0.38213566151779715
981,510,5,2023-01-01 09:34:00,Unknown,85.48305084745763,0,9,Sunday,1672565640,0,0.5084745762711865,0.3854936198791135
327,510,3,2023-01-01 09:39:00,Unknown,85.48305084745763,0,9,Sunday,1672565940,0,0.5084745762711865,0.3888515782404298
389,503,1,2023-01-01 09:44:00,Home & Kitchen,120.75,5,9,Sunday,1672566240,1,1.0,0.3922095366017461
966,517,2,2023-01-01 09:49:00,Unknown,85.48305084745763,0,9,Sunday,1672566540,0,0.5084745762711865,0.3955674949630625
202,502,2,2023-01-01 09:54:00,Fashion,49.0,12,9,Sunday,1672566840,2,0.0,0.3989254533243788
198,510,5,2023-01-01 10:04:00,Unknown,85.48305084745763,0,10,Sunday,1672567440,0,0.5084745762711865,0.4056413700470114
903,507,2,2023-01-01 10:09:00,Unknown,85.48305084745763,0,10,Sunday,1672567740,0,0.5084745762711865,0.40899932840832776
757,506,5,2023-01-01 10:14:00,Unknown,85.48305084745763,0,10,Sunday,1672568040,0,0.5084745762711865,0.41235728676964406
581,518,2,2023-01-01 10:19:00,Unknown,85.48305084745763,0,10,Sunday,1672568340,0,0.5084745762711865,0.41571524513096036
432,510,1,2023-01-01 10:24:00,Unknown,85.48305084745763,0,10,Sunday,1672568640,0,0.5084745762711865,0.41907320349227667
716,510,3,2023-01-01 10:29:00,Unknown,85.48305084745763,0,10,Sunday,1672568940,0,0.5084745762711865,0.42243116185359303
692,503,3,2023-01-01 10:34:00,Home & Kitchen,120.75,5,10,Sunday,1672569240,1,1.0,0.42578912021490933
636,517,4,2023-01-01 10:39:00,Unknown,85.48305084745763,0,10,Sunday,1672569540,0,0.5084745762711865,0.42914707857622564
464,502,3,2023-01-01 10:44:00,Fashion,49.0,12,10,Sunday,1672569840,2,0.0,0.432505036937542
510,514,3,2023-01-01 10:49:00,Unknown,85.48305084745763,0,10,Sunday,1672570140,0,0.5084745762711865,0.4358629952988583
867,510,5,2023-01-01 10:54:00,Unknown,85.48305084745763,0,10,Sunday,1672570440,0,0.5084745762711865,0.4392209536601746
275,507,2,2023-01-01 10:59:00,Unknown,85.48305084745763,0,10,Sunday,1672570740,0,0.5084745762711865,0.4425789120214909
214,506,2,2023-01-01 11:04:00,Unknown,85.48305084745763,0,11,Sunday,1672571040,0,0.5084745762711865,0.44593687038280727
688,518,3,2023-01-01 11:09:00,Unknown,85.48305084745763,0,11,Sunday,1672571340,0,0.5084745762711865,0.4492948287441236
852,510,2,2023-01-01 11:14:00,Unknown,85.48305084745763,0,11,Sunday,1672571640,0,0.5084745762711865,0.4526527871054399
837,510,1,2023-01-01 11:19:00,Unknown,85.48305084745763,0,11,Sunday,1672571940,0,0.5084745762711865,0.45601074546675624
734,503,4,2023-01-01 11:24:00,Home & Kitchen,120.75,5,11,Sunday,1672572240,1,1.0,0.45936870382807254
151,517,1,2023-01-01 11:29:00,Unknown,85.48305084745763,0,11,Sunday,1672572540,0,0.5084745762711865,0.46272666218938885
138,502,5,2023-01-01 11:34:00,Fashion,49.0,12,11,Sunday,1672572840,2,0.0,0.46608462055070515
782,514,3,2023-01-01 11:39:00,Unknown,85.48305084745763,0,11,Sunday,1672573140,0,0.5084745762711865,0.4694425789120215
493,510,2,2023-01-01 11:44:00,Unknown,85.48305084745763,0,11,Sunday,1672573440,0,0.5084745762711865,0.4728005372733378
684,507,1,2023-01-01 11:49:00,Unknown,85.48305084745763,0,11,Sunday,1672573740,0,0.5084745762711865,0.4761584956346541
351,506,5,2023-01-01 11:54:00,Unknown,85.48305084745763,0,11,Sunday,1672574040,0,0.5084745762711865,0.4795164539959704
891,518,3,2023-01-01 11:59:00,Unknown,85.48305084745763,0,11,Sunday,1672574340,0,0.5084745762711865,0.4828744123572868
369,510,5,2023-01-01 12:04:00,Unknown,85.48305084745763,0,12,Sunday,1672574640,0,0.5084745762711865,0.4862323707186031
126,510,4,2023-01-01 12:09:00,Unknown,85.48305084745763,0,12,Sunday,1672574940,0,0.5084745762711865,0.4895903290799194
161,503,5,2023-01-01 12:14:00,Home & Kitchen,120.75,5,12,Sunday,1672575240,1,1.0,0.49294828744123576
646,517,3,2023-01-01 12:19:00,Unknown,85.48305084745763,0,12,Sunday,1672575540,0,0.5084745762711865,0.49630624580255206
729,502,5,2023-01-01 12:24:00,Fashion,49.0,12,12,Sunday,1672575840,2,0.0,0.49966420416386836
394,514,2,2023-01-01 12:29:00,Unknown,85.48305084745763,0,12,Sunday,1672576140,0,0.5084745762711865,0.5030221625251847
506,510,4,2023-01-01 12:34:00,Unknown,85.48305084745763,0,12,Sunday,1672576440,0,0.5084745762711865,0.506380120886501
588,507,2,2023-01-01 12:39:00,Unknown,85.48305084745763,0,12,Sunday,1672576740,0,0.5084745762711865,0.5097380792478173
730,506,3,2023-01-01 12:44:00,Unknown,85.48305084745763,0,12,Sunday,1672577040,0,0.5084745762711865,0.5130960376091337
373,518,3,2023-01-01 12:49:00,Unknown,85.48305084745763,0,12,Sunday,1672577340,0,0.5084745762711865,0.5164539959704499
690,510,3,2023-01-01 12:54:00,Unknown,85.48305084745763,0,12,Sunday,1672577640,0,0.5084745762711865,0.5198119543317663
941,510,3,2023-01-01 12:59:00,Unknown,85.48305084745763,0,12,Sunday,1672577940,0,0.5084745762711865,0.5231699126930826
486,503,2,2023-01-01 13:04:00,Home & Kitchen,120.75,5,13,Sunday,1672578240,1,1.0,0.5265278710543989
452,517,4,2023-01-01 13:09:00,Unknown,85.48305084745763,0,13,Sunday,1672578540,0,0.5084745762711865,0.5298858294157153
308,502,3,2023-01-01 13:14:00,Fashion,49.0,12,13,Sunday,1672578840,2,0.0,0.5332437877770315
903,514,3,2023-01-01 13:19:00,Unknown,85.48305084745763,0,13,Sunday,1672579140,0,0.5084745762711865,0.5366017461383479
517,510,3,2023-01-01 13:24:00,Unknown,85.48305084745763,0,13,Sunday,1672579440,0,0.5084745762711865,0.5399597044996642
763,507,4,2023-01-01 13:29:00,Unknown,85.48305084745763,0,13,Sunday,1672579740,0,0.5084745762711865,0.5433176628609805
173,506,2,2023-01-01 13:34:00,Unknown,85.48305084745763,0,13,Sunday,1672580040,0,0.5084745762711865,0.5466756212222968
322,518,5,2023-01-01 13:39:00,Unknown,85.48305084745763,0,13,Sunday,1672580340,0,0.5084745762711865,0.5500335795836132
692,510,4,2023-01-01 13:44:00,Unknown,85.48305084745763,0,13,Sunday,1672580640,0,0.5084745762711865,0.5533915379449295
730,503,5,2023-01-01 13:54:00,Home & Kitchen,120.75,5,13,Sunday,1672581240,1,1.0,0.5601074546675622
208,517,4,2023-01-01 13:59:00,Unknown,85.48305084745763,0,13,Sunday,1672581540,0,0.5084745762711865,0.5634654130288784
858,502,3,2023-01-01 14:04:00,Fashion,49.0,12,14,Sunday,1672581840,2,0.0,0.5668233713901948
484,514,5,2023-01-01 14:09:00,Unknown,85.48305084745763,0,14,Sunday,1672582140,0,0.5084745762711865,0.570181329751511
535,510,2,2023-01-01 14:14:00,Unknown,85.48305084745763,0,14,Sunday,1672582440,0,0.5084745762711865,0.5735392881128274
470,507,2,2023-01-01 14:19:00,Unknown,85.48305084745763,0,14,Sunday,1672582740,0,0.5084745762711865,0.5768972464741438
849,506,1,2023-01-01 14:24:00,Unknown,85.48305084745763,0,14,Sunday,1672583040,0,0.5084745762711865,0.58025520483546
715,518,5,2023-01-01 14:29:00,Unknown,85.48305084745763,0,14,Sunday,1672583340,0,0.5084745762711865,0.5836131631967764
596,510,2,2023-01-01 14:34:00,Unknown,85.48305084745763,0,14,Sunday,1672583640,0,0.5084745762711865,0.5869711215580927
696,510,1,2023-01-01 14:39:00,Unknown,85.48305084745763,0,14,Sunday,1672583940,0,0.5084745762711865,0.590329079919409
695,503,2,2023-01-01 14:44:00,Home & Kitchen,120.75,5,14,Sunday,1672584240,1,1.0,0.5936870382807253
983,517,3,2023-01-01 14:49:00,Unknown,85.48305084745763,0,14,Sunday,1672584540,0,0.5084745762711865,0.5970449966420417
879,502,5,2023-01-01 14:54:00,Fashion,49.0,12,14,Sunday,1672584840,2,0.0,0.6004029550033579
329,514,3,2023-01-01 14:59:00,Unknown,85.48305084745763,0,14,Sunday,1672585140,0,0.5084745762711865,0.6037609133646743
264,510,1,2023-01-01 15:04:00,Unknown,85.48305084745763,0,15,Sunday,1672585440,0,0.5084745762711865,0.6071188717259905
968,507,2,2023-01-01 15:09:00,Unknown,85.48305084745763,0,15,Sunday,1672585740,0,0.5084745762711865,0.6104768300873069
408,506,1,2023-01-01 15:14:00,Unknown,85.48305084745763,0,15,Sunday,1672586040,0,0.5084745762711865,0.6138347884486233
352,518,4,2023-01-01 15:19:00,Unknown,85.48305084745763,0,15,Sunday,1672586340,0,0.5084745762711865,0.6171927468099395
311,510,4,2023-01-01 15:24:00,Unknown,85.48305084745763,0,15,Sunday,1672586640,0,0.5084745762711865,0.6205507051712559
312,510,5,2023-01-01 15:29:00,Unknown,85.48305084745763,0,15,Sunday,1672586940,0,0.5084745762711865,0.6239086635325722
931,503,3,2023-01-01 15:34:00,Home & Kitchen,120.75,5,15,Sunday,1672587240,1,1.0,0.6272666218938885
358,517,4,2023-01-01 15:39:00,Unknown,85.48305084745763,0,15,Sunday,1672587540,0,0.5084745762711865,0.6306245802552048
847,502,2,2023-01-01 15:44:00,Fashion,49.0,12,15,Sunday,1672587840,2,0.0,0.6339825386165212
468,514,2,2023-01-01 15:49:00,Unknown,85.48305084745763,0,15,Sunday,1672588140,0,0.5084745762711865,0.6373404969778375
316,510,1,2023-01-01 15:54:00,Unknown,85.48305084745763,0,15,Sunday,1672588440,0,0.5084745762711865,0.6406984553391538
873,507,2,2023-01-01 15:59:00,Unknown,85.48305084745763,0,15,Sunday,1672588740,0,0.5084745762711865,0.6440564137004701
756,506,3,2023-01-01 16:04:00,Unknown,85.48305084745763,0,16,Sunday,1672589040,0,0.5084745762711865,0.6474143720617864
361,518,5,2023-01-01 16:09:00,Unknown,85.48305084745763,0,16,Sunday,1672589340,0,0.5084745762711865,0.6507723304231028
391,510,1,2023-01-01 16:14:00,Unknown,85.48305084745763,0,16,Sunday,1672589640,0,0.5084745762711865,0.654130288784419
722,510,4,2023-01-01 16:19:00,Unknown,85.48305084745763,0,16,Sunday,1672589940,0,0.5084745762711865,0.6574882471457354
515,503,4,2023-01-01 16:24:00,Home & Kitchen,120.75,5,16,Sunday,1672590240,1,1.0,0.6608462055070518
927,517,3,2023-01-01 16:29:00,Unknown,85.48305084745763,0,16,Sunday,1672590540,0,0.5084745762711865,0.664204163868368
166,502,5,2023-01-01 16:34:00,Fashion,49.0,12,16,Sunday,1672590840,2,0.0,0.6675621222296844
331,514,1,2023-01-01 16:39:00,Unknown,85.48305084745763,0,16,Sunday,1672591140,0,0.5084745762711865,0.6709200805910007
176,510,3,2023-01-01 16:44:00,Unknown,85.48305084745763,0,16,Sunday,1672591440,0,0.5084745762711865,0.674278038952317
888,507,2,2023-01-01 16:49:00,Unknown,85.48305084745763,0,16,Sunday,1672591740,0,0.5084745762711865,0.6776359973136333
530,506,3,2023-01-01 16:54:00,Unknown,85.48305084745763,0,16,Sunday,1672592040,0,0.5084745762711865,0.6809939556749496
555,518,4,2023-01-01 16:59:00,Unknown,85.48305084745763,0,16,Sunday,1672592340,0,0.5084745762711865,0.6843519140362659
670,510,1,2023-01-01 17:04:00,Unknown,85.48305084745763,0,17,Sunday,1672592640,0,0.5084745762711865,0.6877098723975823
131,510,5,2023-01-01 17:09:00,Unknown,85.48305084745763,0,17,Sunday,1672592940,0,0.5084745762711865,0.6910678307588985
116,503,4,2023-01-01 17:14:00,Home & Kitchen,120.75,5,17,Sunday,1672593240,1,1.0,0.6944257891202149
294,517,5,2023-01-01 17:19:00,Unknown,85.48305084745763,0,17,Sunday,1672593540,0,0.5084745762711865,0.6977837474815313
537,502,1,2023-01-01 17:24:00,Fashion,49.0,12,17,Sunday,1672593840,2,0.0,0.7011417058428475
638,514,3,2023-01-01 17:29:00,Unknown,85.48305084745763,0,17,Sunday,1672594140,0,0.5084745762711865,0.7044996642041639
170,510,5,2023-01-01 17:34:00,Unknown,85.48305084745763,0,17,Sunday,1672594440,0,0.5084745762711865,0.7078576225654802
168,507,2,2023-01-01 17:39:00,Unknown,85.48305084745763,0,17,Sunday,1672594740,0,0.5084745762711865,0.7112155809267965
808,506,2,2023-01-01 17:44:00,Unknown,85.48305084745763,0,17,Sunday,1672595040,0,0.5084745762711865,0.7145735392881128
247,518,3,2023-01-01 17:49:00,Unknown,85.48305084745763,0,17,Sunday,1672595340,0,0.5084745762711865,0.7179314976494291
605,510,1,2023-01-01 17:54:00,Unknown,85.48305084745763,0,17,Sunday,1672595640,0,0.5084745762711865,0.7212894560107455
844,510,2,2023-01-01 17:59:00,Unknown,85.48305084745763,0,17,Sunday,1672595940,0,0.5084745762711865,0.7246474143720618
394,503,3,2023-01-01 18:04:00,Home & Kitchen,120.75,5,18,Sunday,1672596240,1,1.0,0.7280053727333781
163,517,1,2023-01-01 18:09:00,Unknown,85.48305084745763,0,18,Sunday,1672596540,0,0.5084745762711865,0.7313633310946944
435,502,3,2023-01-01 18:14:00,Fashion,49.0,12,18,Sunday,1672596840,2,0.0,0.7347212894560108
772,514,4,2023-01-01 18:19:00,Unknown,85.48305084745763,0,18,Sunday,1672597140,0,0.5084745762711865,0.738079247817327
504,510,4,2023-01-01 18:24:00,Unknown,85.48305084745763,0,18,Sunday,1672597440,0,0.5084745762711865,0.7414372061786434
328,507,1,2023-01-01 18:29:00,Unknown,85.48305084745763,0,18,Sunday,1672597740,0,0.5084745762711865,0.7447951645399598
200,506,5,2023-01-01 18:34:00,Unknown,85.48305084745763,0,18,Sunday,1672598040,0,0.5084745762711865,0.748153122901276
921,518,5,2023-01-01 18:39:00,Unknown,85.48305084745763,0,18,Sunday,1672598340,0,0.5084745762711865,0.7515110812625924
378,510,1,2023-01-01 18:44:00,Unknown,85.48305084745763,0,18,Sunday,1672598640,0,0.5084745762711865,0.7548690396239086
357,510,2,2023-01-01 18:49:00,Unknown,85.48305084745763,0,18,Sunday,1672598940,0,0.5084745762711865,0.758226997985225
814,503,1,2023-01-01 18:54:00,Home & Kitchen,120.75,5,18,Sunday,1672599240,1,1.0,0.7615849563465413
198,517,1,2023-01-01 18:59:00,Unknown,85.48305084745763,0,18,Sunday,1672599540,0,0.5084745762711865,0.7649429147078576
832,502,2,2023-01-01 19:04:00,Fashion,49.0,12,19,Sunday,1672599840,2,0.0,0.7683008730691739
945,514,4,2023-01-01 19:09:00,Unknown,85.48305084745763,0,19,Sunday,1672600140,0,0.5084745762711865,0.7716588314304903
616,510,5,2023-01-01 19:14:00,Unknown,85.48305084745763,0,19,Sunday,1672600440,0,0.5084745762711865,0.7750167897918065
214,507,4,2023-01-01 19:19:00,Unknown,85.48305084745763,0,19,Sunday,1672600740,0,0.5084745762711865,0.7783747481531229
238,506,2,2023-01-01 19:24:00,Unknown,85.48305084745763,0,19,Sunday,1672601040,0,0.5084745762711865,0.7817327065144393
410,518,3,2023-01-01 19:29:00,Unknown,85.48305084745763,0,19,Sunday,1672601340,0,0.5084745762711865,0.7850906648757555
657,510,3,2023-01-01 19:34:00,Unknown,85.48305084745763,0,19,Sunday,1672601640,0,0.5084745762711865,0.7884486232370719
588,510,2,2023-01-01 19:39:00,Unknown,85.48305084745763,0,19,Sunday,1672601940,0,0.5084745762711865,0.7918065815983881
915,503,3,2023-01-01 19:44:00,Home & Kitchen,120.75,5,19,Sunday,1672602240,1,1.0,0.7951645399597045
383,517,1,2023-01-01 19:49:00,Unknown,85.48305084745763,0,19,Sunday,1672602540,0,0.5084745762711865,0.7985224983210208
617,502,5,2023-01-01 19:54:00,Fashion,49.0,12,19,Sunday,1672602840,2,0.0,0.8018804566823371
745,514,4,2023-01-01 19:59:00,Unknown,85.48305084745763,0,19,Sunday,1672603140,0,0.5084745762711865,0.8052384150436535
388,510,1,2023-01-01 20:04:00,Unknown,85.48305084745763,0,20,Sunday,1672603440,0,0.5084745762711865,0.8085963734049698
493,507,4,2023-01-01 20:09:00,Unknown,85.48305084745763,0,20,Sunday,1672603740,0,0.5084745762711865,0.8119543317662861
867,506,1,2023-01-01 20:14:00,Unknown,85.48305084745763,0,20,Sunday,1672604040,0,0.5084745762711865,0.8153122901276024
900,518,1,2023-01-01 20:19:00,Unknown,85.48305084745763,0,20,Sunday,1672604340,0,0.5084745762711865,0.8186702484889188
860,510,4,2023-01-01 20:24:00,Unknown,85.48305084745763,0,20,Sunday,1672604640,0,0.5084745762711865,0.822028206850235
962,510,1,2023-01-01 20:29:00,Unknown,85.48305084745763,0,20,Sunday,1672604940,0,0.5084745762711865,0.8253861652115514
948,503,1,2023-01-01 20:34:00,Home & Kitchen,120.75,5,20,Sunday,1672605240,1,1.0,0.8287441235728676
987,517,3,2023-01-01 20:39:00,Unknown,85.48305084745763,0,20,Sunday,1672605540,0,0.5084745762711865,0.832102081934184
340,502,2,2023-01-01 20:44:00,Fashion,49.0,12,20,Sunday,1672605840,2,0.0,0.8354600402955004
831,514,5,2023-01-01 20:49:00,Unknown,85.48305084745763,0,20,Sunday,1672606140,0,0.5084745762711865,0.8388179986568166
296,510,5,2023-01-01 20:54:00,Unknown,85.48305084745763,0,20,Sunday,1672606440,0,0.5084745762711865,0.842175957018133
404,507,3,2023-01-01 20:59:00,Unknown,85.48305084745763,0,20,Sunday,1672606740,0,0.5084745762711865,0.8455339153794493
911,506,2,2023-01-01 21:04:00,Unknown,85.48305084745763,0,21,Sunday,1672607040,0,0.5084745762711865,0.8488918737407656
586,518,5,2023-01-01 21:09:00,Unknown,85.48305084745763,0,21,Sunday,1672607340,0,0.5084745762711865,0.8522498321020819
178,510,2,2023-01-01 21:14:00,Unknown,85.48305084745763,0,21,Sunday,1672607640,0,0.5084745762711865,0.8556077904633983
302,510,1,2023-01-01 21:19:00,Unknown,85.48305084745763,0,21,Sunday,1672607940,0,0.5084745762711865,0.8589657488247145
474,503,5,2023-01-01 21:24:00,Home & Kitchen,120.75,5,21,Sunday,1672608240,1,1.0,0.8623237071860309
520,517,5,2023-01-01 21:29:00,Unknown,85.48305084745763,0,21,Sunday,1672608540,0,0.5084745762711865,0.8656816655473473
640,502,4,2023-01-01 21:34:00,Fashion,49.0,12,21,Sunday,1672608840,2,0.0,0.8690396239086635
599,514,5,2023-01-01 21:39:00,Unknown,85.48305084745763,0,21,Sunday,1672609140,0,0.5084745762711865,0.8723975822699799
415,510,5,2023-01-01 21:44:00,Unknown,85.48305084745763,0,21,Sunday,1672609440,0,0.5084745762711865,0.8757555406312961
276,507,4,2023-01-01 21:49:00,Unknown,85.48305084745763,0,21,Sunday,1672609740,0,0.5084745762711865,0.8791134989926125
380,506,1,2023-01-01 21:54:00,Unknown,85.48305084745763,0,21,Sunday,1672610040,0,0.5084745762711865,0.8824714573539288
541,518,2,2023-01-01 21:59:00,Unknown,85.48305084745763,0,21,Sunday,1672610340,0,0.5084745762711865,0.8858294157152451
627,510,3,2023-01-01 22:04:00,Unknown,85.48305084745763,0,22,Sunday,1672610640,0,0.5084745762711865,0.8891873740765615
958,510,5,2023-01-01 22:09:00,Unknown,85.48305084745763,0,22,Sunday,1672610940,0,0.5084745762711865,0.8925453324378778
480,503,2,2023-01-01 22:14:00,Home & Kitchen,120.75,5,22,Sunday,1672611240,1,1.0,0.8959032907991941
107,517,1,2023-01-01 22:19:00,Unknown,85.48305084745763,0,22,Sunday,1672611540,0,0.5084745762711865,0.8992612491605104
983,502,2,2023-01-01 22:24:00,Fashion,49.0,12,22,Sunday,1672611840,2,0.0,0.9026192075218268
270,514,5,2023-01-01 22:29:00,Unknown,85.48305084745763,0,22,Sunday,1672612140,0,0.5084745762711865,0.905977165883143
630,510,4,2023-01-01 22:34:00,Unknown,85.48305084745763,0,22,Sunday,1672612440,0,0.5084745762711865,0.9093351242444594
105,507,2,2023-01-01 22:39:00,Unknown,85.48305084745763,0,22,Sunday,1672612740,0,0.5084745762711865,0.9126930826057756
883,506,5,2023-01-01 22:44:00,Unknown,85.48305084745763,0,22,Sunday,1672613040,0,0.5084745762711865,0.916051040967092
724,518,2,2023-01-01 22:49:00,Unknown,85.48305084745763,0,22,Sunday,1672613340,0,0.5084745762711865,0.9194089993284084
717,510,5,2023-01-01 22:54:00,Unknown,85.48305084745763,0,22,Sunday,1672613640,0,0.5084745762711865,0.9227669576897246
409,510,1,2023-01-01 22:59:00,Unknown,85.48305084745763,0,22,Sunday,1672613940,0,0.5084745762711865,0.926124916051041
562,503,1,2023-01-01 23:04:00,Home & Kitchen,120.75,5,23,Sunday,1672614240,1,1.0,0.9294828744123573
523,517,3,2023-01-01 23:09:00,Unknown,85.48305084745763,0,23,Sunday,1672614540,0,0.5084745762711865,0.9328408327736736
488,502,5,2023-01-01 23:14:00,Fashion,49.0,12,23,Sunday,1672614840,2,0.0,0.9361987911349899
708,514,1,2023-01-01 23:19:00,Unknown,85.48305084745763,0,23,Sunday,1672615140,0,0.5084745762711865,0.9395567494963063
615,510,1,2023-01-01 23:24:00,Unknown,85.48305084745763,0,23,Sunday,1672615440,0,0.5084745762711865,0.9429147078576225
317,507,3,2023-01-01 23:29:00,Unknown,85.48305084745763,0,23,Sunday,1672615740,0,0.5084745762711865,0.9462726662189389
727,506,3,2023-01-01 23:34:00,Unknown,85.48305084745763,0,23,Sunday,1672616040,0,0.5084745762711865,0.9496306245802552
746,518,2,2023-01-01 23:39:00,Unknown,85.48305084745763,0,23,Sunday,1672616340,0,0.5084745762711865,0.9529885829415715
749,510,1,2023-01-01 23:44:00,Unknown,85.48305084745763,0,23,Sunday,1672616640,0,0.5084745762711865,0.9563465413028879
936,510,3,2023-01-01 23:49:00,Unknown,85.48305084745763,0,23,Sunday,1672616940,0,0.5084745762711865,0.9597044996642041
612,503,5,2023-01-01 23:54:00,Home & Kitchen,120.75,5,23,Sunday,1672617240,1,1.0,0.9630624580255205
556,517,1,2023-01-01 23:59:00,Unknown,85.48305084745763,0,23,Sunday,1672617540,0,0.5084745762711865,0.9664204163868368
590,502,5,2023-01-02 00:04:00,Fashion,49.0,12,0,Monday,1672617840,2,0.0,0.9697783747481531
662,514,2,2023-01-02 00:09:00,Unknown,85.48305084745763,0,0,Monday,1672618140,0,0.5084745762711865,0.9731363331094695
607,510,1,2023-01-02 00:14:00,Unknown,85.48305084745763,0,0,Monday,1672618440,0,0.5084745762711865,0.9764942914707858
143,507,4,2023-01-02 00:19:00,Unknown,85.48305084745763,0,0,Monday,1672618740,0,0.5084745762711865,0.9798522498321021
425,506,5,2023-01-02 00:24:00,Unknown,85.48305084745763,0,0,Monday,1672619040,0,0.5084745762711865,0.9832102081934184
145,518,3,2023-01-02 00:29:00,Unknown,85.48305084745763,0,0,Monday,1672619340,0,0.5084745762711865,0.9865681665547347
861,510,4,2023-01-02 00:34:00,Unknown,85.48305084745763,0,0,Monday,1672619640,0,0.5084745762711865,0.989926124916051
292,510,4,2023-01-02 00:39:00,Unknown,85.48305084745763,0,0,Monday,1672619940,0,0.5084745762711865,0.9932840832773674
518,503,4,2023-01-02 00:44:00,Home & Kitchen,120.75,5,0,Monday,1672620240,1,1.0,0.9966420416386836
278,517,5,2023-01-02 00:49:00,Unknown,85.48305084745763,0,0,Monday,1672620540,0,0.5084745762711865,1.0
